{
  "format": "web-program-pre1",
  "manifest": [
    {
      "path": "e35a0d1150425bb622e59ec4a64455b954f318ef.js",
      "where": "client",
      "type": "js",
      "cacheable": true,
      "url": "/e35a0d1150425bb622e59ec4a64455b954f318ef.js",
      "size": 1057612,
      "hash": "e35a0d1150425bb622e59ec4a64455b954f318ef"
    },
    {
      "path": "82627c27ab9fe5e1144ec916b2da16d21af2f024.css",
      "where": "client",
      "type": "css",
      "cacheable": true,
      "url": "/82627c27ab9fe5e1144ec916b2da16d21af2f024.css?meteor_css_resource=true",
      "size": 499790,
      "hash": "82627c27ab9fe5e1144ec916b2da16d21af2f024"
    },
    {
      "path": "packages/semantic_ui-css/themes/default/assets/fonts/icons.eot",
      "where": "client",
      "type": "asset",
      "cacheable": false,
      "url": "/packages/semantic_ui-css/themes/default/assets/fonts/icons.eot",
      "size": 60767,
      "hash": "3e63fc9b3de4580f1f3bec0631436f755b80f167"
    },
    {
      "path": "packages/semantic_ui-css/themes/default/assets/fonts/icons.svg",
      "where": "client",
      "type": "asset",
      "cacheable": false,
      "url": "/packages/semantic_ui-css/themes/default/assets/fonts/icons.svg",
      "size": 313398,
      "hash": "26bb1c5ef100a1cd71923f1d5dc29fc797ef4639"
    },
    {
      "path": "packages/semantic_ui-css/themes/default/assets/fonts/icons.ttf",
      "where": "client",
      "type": "asset",
      "cacheable": false,
      "url": "/packages/semantic_ui-css/themes/default/assets/fonts/icons.ttf",
      "size": 122092,
      "hash": "9088143b19979779b2116cef38b661f72d982e19"
    },
    {
      "path": "packages/semantic_ui-css/themes/default/assets/fonts/icons.woff",
      "where": "client",
      "type": "asset",
      "cacheable": false,
      "url": "/packages/semantic_ui-css/themes/default/assets/fonts/icons.woff",
      "size": 71508,
      "hash": "56ce13e71c2150d81bc972940584915181bd6081"
    },
    {
      "path": "packages/semantic_ui-css/themes/default/assets/fonts/icons.woff2",
      "where": "client",
      "type": "asset",
      "cacheable": false,
      "url": "/packages/semantic_ui-css/themes/default/assets/fonts/icons.woff2",
      "size": 56780,
      "hash": "1075231650f579955905bb2f6527148a8e2b4b16"
    },
    {
      "path": "packages/semantic_ui-css/themes/default/assets/images/flags.png",
      "where": "client",
      "type": "asset",
      "cacheable": false,
      "url": "/packages/semantic_ui-css/themes/default/assets/images/flags.png",
      "size": 28123,
      "hash": "4a552ecb123ded5040ddda01d626103cc65db055"
    },
    {
      "path": "app/1alertklaxon_clean.mp3",
      "where": "client",
      "type": "asset",
      "cacheable": false,
      "url": "/1alertklaxon_clean.mp3",
      "size": 113313,
      "hash": "39b16a61dc29c5501f003643ad873e095591496a"
    },
    {
      "path": "app/BEEPPURE.WAV",
      "where": "client",
      "type": "asset",
      "cacheable": false,
      "url": "/BEEPPURE.WAV",
      "size": 5400,
      "hash": "a9f5d98cb21bc6b1b976360cf20878503d7a1f6a"
    },
    {
      "path": "head.html",
      "where": "internal",
      "type": "head",
      "hash": "6a2c4b0a99193d8a06693988619c317a5106aba5"
    }
  ]
}